,token,cosine
0,I,0.9195364117622375
1,j,0.91647869348526
2,1,0.9156964421272278
3,child,0.8997424244880676
4,lie,0.8938298225402832
5,it,0.8777688145637512
6,he,0.8690633773803711
7,man,0.8614023327827454
8,tho,0.8588655591011047
9,my,0.8581100106239319
10,house,0.8569607138633728
11,in,0.8548945784568787
12,ho,0.85321444272995
13,obedient,0.8520807027816772
14,n,0.8515866994857788
15,order,0.8494210243225098
16,tin,0.8457438349723816
17,day,0.8439077138900757
18,wife,0.8429022431373596
19,be,0.841234564781189
20,one,0.8406230807304382
21,a,0.8365724086761475
22,the,0.8341042399406433
23,f,0.8259217739105225
24,girl,0.82057124376297
25,whole,0.8171474933624268
26,door,0.8113197684288025
27,your,0.8107990026473999
28,take,0.8103179931640625
29,public,0.7995025515556335
30,not,0.7953761219978333
31,supply,0.7939534783363342
32,i,0.7922374606132507
33,if,0.7913295030593872
34,home,0.7907919883728027
35,hire,0.7878535389900208
36,say,0.7793479561805725
37,tlio,0.7763171792030334
38,master,0.7748029828071594
39,m,0.7730846405029297
40,negro,0.7729605436325073
41,nnd,0.769932746887207
42,respectfully,0.7670778632164001
43,send,0.7654879689216614
44,s,0.7635972499847412
45,all,0.7598258256912231
46,good,0.756054162979126
47,go,0.7540810704231262
48,ami,0.7533538341522217
49,hi,0.7465658187866211
50,c,0.7464587688446045
51,year,0.7430983185768127
52,open,0.7423020005226135
53,soon,0.7370288372039795
54,lady,0.7339873313903809
55,ii,0.7326794862747192
56,she,0.7294095158576965
57,v,0.727364182472229
58,faithful,0.7259250283241272
59,friend,0.7242329120635986
60,woman,0.7197310328483582
61,respect,0.718877375125885
62,for,0.7144278287887573
63,cor,0.7135034203529358
64,much,0.7120888829231262
65,we,0.7086908221244812
66,flannel,0.7061914801597595
67,t,0.7021909952163696
68,well,0.7006393671035767
69,fully,0.6952765583992004
70,bo,0.6949712634086609
71,time,0.6947298645973206
72,room,0.6939504742622375
73,may,0.6848371028900146
74,ill,0.6837549209594727
75,u,0.6827781200408936
76,pay,0.677714467048645
77,at,0.6758043766021729
78,two,0.6757562756538391
79,never,0.6720007658004761
80,heavy,0.6711946129798889
81,contract,0.6634598970413208
82,use,0.663391649723053
83,old,0.6587458252906799
84,could,0.657414436340332
85,people,0.6558825373649597
86,111,0.6557202339172363
87,bring,0.655007541179657
88,oil,0.65459144115448
89,price,0.6533178091049194
90,would,0.6496613025665283
91,place,0.6491531133651733
92,they,0.6482594609260559
93,first,0.6452656388282776
94,ol,0.643983781337738
95,ticket,0.6424987316131592
96,il,0.6377787590026855
97,arc,0.6360436677932739
98,gentleman,0.6347309350967407
99,li,0.6252793669700623
100,see,0.6242220401763916
101,now,0.6205227971076965
102,wish,0.6203467845916748
103,look,0.619994044303894
104,d,0.6162341237068176
105,honor,0.6118197441101074
106,large,0.6111788749694824
107,red,0.6093941926956177
108,mr,0.609325110912323
109,11,0.5994164347648621
110,even,0.5977894067764282
111,last,0.595453679561615
112,yet,0.5936399102210999
113,another,0.5924763083457947
114,you,0.5884979963302612
115,give,0.584746778011322
116,washington,0.5836779475212097
117,word,0.5832560658454895
118,right,0.5788841843605042
119,slave,0.5771188735961914
120,half,0.5746517181396484
121,superior,0.5746434330940247
122,hear,0.5731792449951172
123,also,0.5716937184333801
124,state,0.5662266612052917
125,god,0.5643860101699829
126,sir,0.56316739320755
127,oblige,0.5629374384880066
128,direct,0.5623499751091003
129,of,0.561747133731842
130,many,0.5604883432388306
131,person,0.5542830228805542
132,dispatch,0.5541698336601257
133,came,0.5524543523788452
134,officer,0.5495743751525879
135,life,0.5488165616989136
136,woolen,0.5475625991821289
137,call,0.5453042387962341
138,bad,0.5444594025611877
139,act,0.5424777865409851
140,treat,0.5423223972320557
141,obtain,0.5382757186889648
142,g,0.5348104238510132
143,there,0.5333381295204163
144,observant,0.5327178239822388
145,carriage,0.5302987694740295
146,set,0.5246981382369995
147,k,0.522118091583252
148,hand,0.5217188596725464
149,e,0.5215482115745544
150,_,0.5181337594985962
151,sell,0.5132697224617004
152,company,0.5127843022346497
153,w,0.5125439167022705
154,eye,0.5106447339057922
155,intelligence,0.5082608461380005
156,strike,0.500687837600708
157,l,0.5000324249267578
158,long,0.4961521029472351
159,dress,0.4928624629974365
160,charge,0.4857476055622101
161,city,0.48564228415489197
162,wait,0.48410141468048096
163,upon,0.4828215539455414
164,liis,0.4827233850955963
165,little,0.4812355637550354
166,body,0.4782958924770355
167,approve,0.4780803322792053
168,invention,0.47534608840942383
169,dinner,0.474042147397995
170,y,0.4734407365322113
171,difficulty,0.4728638529777527
172,find,0.4722750782966614
173,o,0.4705963432788849
174,nl,0.4691072404384613
175,face,0.46778544783592224
176,ha,0.46605783700942993
177,tetel,0.4658680558204651
178,fee,0.46332648396492004
179,style,0.4626104235649109
180,eat,0.4624019265174866
181,exceed,0.4605671167373657
182,leave,0.45408982038497925
183,r,0.453263521194458
184,every,0.4524712860584259
185,matter,0.45113202929496765
186,seem,0.4506380259990692
187,nels,0.4490804374217987
188,wrong,0.4465230405330658
189,bow,0.44505247473716736
190,case,0.44445207715034485
191,proper,0.4440893232822418
192,tell,0.44351649284362793
193,receive,0.4422064423561096
194,abolitionist,0.44027072191238403
195,livery,0.4385603368282318
196,care,0.4377179741859436
197,pig,0.4332224726676941
198,largo,0.43214353919029236
199,follow,0.4321388900279999
200,accompany,0.43143874406814575
201,fill,0.42982789874076843
202,ail,0.4276413321495056
203,akdemok,0.4264187514781952
204,speak,0.4255884289741516
205,color,0.4252001941204071
206,kind,0.4237636625766754
207,plate,0.4236568510532379
208,pocket,0.4235818684101105
209,female,0.4227021336555481
210,mod,0.42263564467430115
211,al,0.4201034903526306
212,tmve,0.41975149512290955
213,therefore,0.4187917113304138
214,rear,0.4184599220752716
215,humble,0.41467514634132385
216,preserve,0.4146200120449066
217,tea,0.4129645526409149
218,way,0.4127013683319092
219,lest,0.4108326733112335
220,moment,0.4091818034648895
221,back,0.4088539779186249
222,scenethe,0.40835171937942505
223,tl,0.4083419442176819
224,very,0.40763700008392334
225,sea,0.4075286090373993
226,always,0.40725141763687134
227,venus,0.4064837098121643
228,except,0.4059029519557953
229,cruvelli,0.4052332639694214
230,bed,0.4037553369998932
231,new,0.40333548188209534
232,cold,0.4021187126636505
233,so,0.4017024338245392
234,nil,0.40109363198280334
235,indie,0.4010898470878601
236,reply,0.4002566337585449
237,write,0.3994811475276947
238,serviee,0.39844805002212524
239,urn,0.3978933095932007
240,mo,0.39598459005355835
241,tlie,0.3956577181816101
242,as,0.3955478370189667
243,eve,0.39527568221092224
244,term,0.3938598036766052
245,full,0.39320632815361023
246,sit,0.3931204378604889
247,come,0.3930498957633972
248,upou,0.39258667826652527
249,co,0.3920987844467163
250,notebook,0.3900703489780426
251,service,0.38972699642181396
252,high,0.38887256383895874
253,attentive,0.3880545198917389
254,lid,0.38701608777046204
255,tts,0.38554897904396057
256,number,0.3842495381832123
257,witi,0.38324275612831116
258,llo,0.3827628195285797
259,tim,0.3826839029788971
260,his,0.38026586174964905
261,sort,0.379006564617157
262,aid,0.3789803683757782
263,leeirct,0.3778206408023834
264,pass,0.3777565360069275
265,example,0.37681296467781067
266,liy,0.37649044394493103
267,fuly,0.3763866126537323
268,yourself,0.37490490078926086
269,judgment,0.37444061040878296
270,ie,0.37411969900131226
271,young,0.3739811182022095
272,instantly,0.3738926351070404
273,other,0.37319615483283997
274,jr,0.37269866466522217
275,jl,0.3724796175956726
276,rather,0.3721410036087036
277,twentyfive,0.37174755334854126
278,bi,0.3715696334838867
279,week,0.3710750639438629
280,marital,0.3699703812599182
281,stock,0.36973369121551514
282,indifferent,0.3684684932231903
283,10,0.36681437492370605
284,lodge,0.36604946851730347
285,irl,0.36578884720802307
286,sad,0.36565032601356506
287,sicily,0.36485278606414795
288,bent,0.3646072447299957
289,careful,0.3636651039123535
290,whoso,0.36322593688964844
291,vant,0.36287257075309753
292,often,0.3627018332481384
293,poor,0.3623671531677246
294,allan,0.3620336949825287
295,present,0.3610607385635376
296,tliat,0.3608810305595398
297,court,0.360221266746521
298,excellent,0.3582972288131714
299,comfort,0.35814863443374634
300,othei,0.3581368923187256
301,family,0.3579951226711273
302,fit,0.35794416069984436
303,six,0.35656479001045227
304,single,0.35651102662086487
305,horse,0.3563937246799469
306,afterward,0.3561713993549347
307,information,0.3554937541484833
308,enei,0.35447806119918823
309,president,0.354355126619339
310,thu,0.351880818605423
311,towus,0.3518524169921875
312,native,0.3513002097606659
313,neighbor,0.35115692019462585
314,aud,0.3507791757583618
315,unless,0.3503344655036926
316,liberal,0.3498886823654175
317,complete,0.34949418902397156
318,know,0.3490763008594513
319,faithfnl,0.34851399064064026
320,table,0.34660544991493225
321,polite,0.3463602662086487
322,opeu,0.34614813327789307
323,aq,0.3454339802265167
324,some,0.34539487957954407
325,briskly,0.3444799482822418
326,custom,0.34311139583587646
327,rhine,0.3422020673751831
328,out,0.3419099450111389
329,evidently,0.34147414565086365
330,obtuin,0.3414652645587921
331,uoedient,0.34123149514198303
332,quarter,0.3411456048488617
333,cover,0.34039464592933655
334,opportunity,0.3402324318885803
335,st,0.33810141682624817
336,ti,0.3379157483577728
337,fioo,0.3376219868659973
338,200,0.337311714887619
339,remain,0.33709144592285156
340,gently,0.33679792284965515
341,attention,0.33593469858169556
342,mob,0.3358501195907593
343,ditlicultv,0.33573782444000244
344,dj,0.33439019322395325
345,bare,0.33438780903816223
346,suddenly,0.33402761816978455
347,kitchen,0.33389440178871155
348,operation,0.33285054564476013
349,uegro,0.3326627016067505
350,distance,0.33215096592903137
351,cook,0.3318253457546234
352,skill,0.3311821222305298
353,remove,0.33054929971694946
354,midor,0.33026793599128723
355,mcfirew,0.3299981355667114
356,instruct,0.32906991243362427
357,nelsfcr,0.3289237916469574
358,almost,0.32798799872398376
359,daughter,0.3278314173221588
360,estie,0.32733362913131714
361,highness,0.32727131247520447
362,light,0.3270549476146698
363,exhibition,0.32666921615600586
364,vain,0.3263826072216034
365,with,0.3262667953968048
366,persou,0.3250529170036316
367,pic,0.3249148726463318
368,lhat,0.3240744173526764
369,part,0.324020117521286
370,iandr,0.3240029513835907
371,bright,0.32339367270469666
372,dead,0.3225400745868683
373,expose,0.32249709963798523
374,ask,0.3223392367362976
375,satisfaction,0.3218025863170624
376,and,0.3216409683227539
377,ever,0.3209385573863983
378,tliu,0.3203551173210144
379,liulf,0.3197565972805023
380,steadily,0.31946054100990295
381,till,0.3192407488822937
382,lever,0.31868526339530945
383,x,0.3180433511734009
384,ic,0.31796976923942566
385,eighteen,0.317624032497406
386,philanthropic,0.31754156947135925
387,foot,0.3174471855163574
388,voitisy,0.3167349696159363
389,senator,0.315755158662796
390,linnvv,0.3154304027557373
391,oro,0.3151422441005707
392,0,0.31448352336883545
393,sneak,0.31438198685646057
394,fare,0.31434834003448486
395,or,0.3129384517669678
396,reasonable,0.31268370151519775
397,plead,0.3122310936450958
398,fire,0.31191888451576233
399,fcc,0.3117302358150482
400,beauty,0.3110315203666687
401,west,0.31048357486724854
402,extend,0.31041795015335083
403,mansii,0.3102109730243683
404,nml,0.31013166904449463
405,hab,0.30996575951576233
406,aba,0.3088476359844208
407,hiioui,0.30880776047706604
408,gato,0.30868715047836304
409,accurately,0.3084510564804077
410,side,0.3082323372364044
411,three,0.3073403835296631
412,suffer,0.3072856366634369
413,rest,0.30709442496299744
414,die,0.30673569440841675
415,states,0.30639898777008057
416,jd,0.3063516318798065
417,mjiio,0.3062746822834015
418,ordinary,0.3054388761520386
419,succeed,0.30514100193977356
420,dittieuhy,0.3048633933067322
421,ovon,0.30448442697525024
422,bargain,0.30376917123794556
423,aqftwere,0.30355149507522583
424,persuade,0.30333447456359863
425,fadiionablo,0.3028503358364105
426,prcuiilf,0.30278611183166504
427,fi,0.30276575684547424
428,whilst,0.3026081621646881
429,occupy,0.30191469192504883
430,herself,0.301435649394989
431,consistent,0.2993343770503998
432,fetch,0.29907965660095215
433,equine,0.2990017235279083
434,aire,0.2989567518234253
435,havo,0.29876211285591125
436,mian,0.2987259328365326
437,sum,0.29818180203437805
438,change,0.297977477312088
439,industry,0.2978886663913727
440,bene,0.2978067398071289
441,seat,0.2977476119995117
442,cm,0.29713234305381775
443,nature,0.2970507740974426
444,ur,0.2966473400592804
445,toje,0.2962000072002411
446,save,0.2959481179714203
447,afford,0.29579848051071167
448,permit,0.2955641448497772
449,instructilit,0.29532819986343384
450,cruvclli,0.29531484842300415
451,white,0.2951517105102539
452,hut,0.2945704162120819
453,study,0.29437685012817383
454,groom,0.2943393886089325
455,thk,0.2941334843635559
456,ppcstffedtrof,0.2937629222869873
457,un3er,0.29357030987739563
458,decorum,0.2935357391834259
459,nj,0.29349538683891296
460,fjarelessnesa,0.2933863401412964
461,wero,0.29316434264183044
462,pace,0.2926449775695801
463,manage,0.29217785596847534
464,want,0.290706068277359
465,intercourse,0.2905873954296112
466,faithfulservant,0.29034221172332764
467,harliara,0.2901427149772644
468,front,0.2897280156612396
469,tlian,0.2897226810455322
470,wan,0.289540559053421
471,lazy,0.2895103096961975
472,vicinity,0.28924810886383057
473,inquire,0.28903529047966003
474,bolt,0.28859075903892517
475,imniuititie,0.2883668839931488
476,gov,0.2883537709712982
477,reception,0.2880118191242218
478,jive,0.2879835367202759
479,tf,0.2876555323600769
480,garden,0.2874308228492737
481,village,0.28730642795562744
482,vuuutvub,0.28720223903656006
483,priinilil,0.2871367633342743
484,ipo,0.2869589924812317
485,household,0.28666719794273376
486,100,0.28652718663215637
487,lad,0.2863251268863678
488,groan,0.28626829385757446
489,absence,0.2862485647201538
490,surrender,0.28608202934265137
491,water,0.2860816717147827
492,pipong,0.28566884994506836
493,domestic,0.28433921933174133
494,parly,0.2841109037399292
495,calledno,0.2840074598789215
496,hulj,0.28347575664520264
497,knglish,0.2827133238315582
498,asnnrc1,0.2824302017688751
499,yes,0.2823790907859802
500,boston,0.28116875886917114
501,broom,0.28111928701400757
502,include,0.28090399503707886
503,thee,0.2807826101779938
504,great,0.2807045876979828
505,ser,0.28033843636512756
506,skirls,0.28021764755249023
507,admire,0.27981969714164734
508,anil,0.2795112431049347
509,riding,0.27925875782966614
510,forever,0.2791450321674347
511,heniefaeloi,0.2782723903656006
512,rale,0.278239905834198
513,coachm,0.27820518612861633
514,inlly,0.278152197599411
515,manner,0.27811840176582336
516,hiii,0.2780390679836273
517,molly,0.278020977973938
518,uo,0.2780197262763977
519,ttvatm,0.2778967320919037
520,publication,0.2774730920791626
521,somethincr,0.27732330560684204
522,lose,0.2763236463069916
523,precede,0.27618518471717834
524,niintijor,0.2760818302631378
525,step,0.27587762475013733
526,nro,0.2749382257461548
527,article,0.27482104301452637
528,wound,0.2747833728790283
529,teetli,0.27475398778915405
530,blow,0.2739633321762085
531,ready,0.2738243639469147
532,fishing,0.27366530895233154
533,1200,0.27321749925613403
534,mistress,0.27316850423812866
535,weleh,0.27270686626434326
536,hiunletl,0.2725067734718323
537,estate,0.27243074774742126
538,tha,0.2713773846626282
539,john,0.27136045694351196
540,grace,0.27117919921875
541,fireplace,0.2711656987667084
542,risen,0.2708863317966461
543,address,0.2700640857219696
544,shawls,0.269691526889801
545,unprofitand,0.2695637047290802
546,anglosaxon,0.2689880132675171
547,iruerav,0.2687389552593231
548,aqd,0.26848238706588745
549,crony,0.2683095335960388
550,servantwoman,0.2676120698451996
551,iompy,0.26754632592201233
552,iloston,0.2673114240169525
553,intellect,0.2667352259159088
554,iustruclitir,0.2663101553916931
555,no,0.26624730229377747
556,iiuiliboiliood,0.2661135494709015
557,rouble,0.2660938799381256
558,assemble,0.2659793794155121
559,abbeville,0.2658541798591614
560,bill,0.2656315863132477
561,freedom,0.26552045345306396
562,ln,0.2651216387748718
563,dog,0.26501330733299255
564,kuglish,0.26491856575012207
565,iii,0.26469218730926514
566,yoursgjf,0.26417189836502075
567,sorius,0.26384037733078003
568,spread,0.26350948214530945
569,spain,0.2634115517139435
570,military,0.2632308602333069
571,bcd,0.2631908357143402
572,homo,0.2631763517856598
573,discharge,0.26306551694869995
574,together,0.2624514400959015
575,appearance,0.26241448521614075
576,toothache,0.2621709108352661
577,mankind,0.26136186718940735
578,pitt,0.2613282799720764
579,io,0.26106569170951843
580,without,0.26082876324653625
581,shoe,0.25997382402420044
582,wns,0.2599664032459259
583,lurgc,0.259593665599823
584,puss,0.25944074988365173
585,office,0.25856056809425354
586,hanover,0.25823768973350525
587,spin,0.2580186426639557
588,whip,0.2580106854438782
589,moisture,0.25793465971946716
590,gauze,0.2577420473098755
591,curlier,0.25708359479904175
592,keep,0.2569873332977295
593,become,0.25696077942848206
594,br,0.25686290860176086
595,nurse,0.25675737857818604
596,stiver,0.2560746371746063
597,christopher,0.2558368444442749
598,lial,0.2556348443031311
599,foreigner,0.25559771060943604
600,hurried,0.2555774450302124
601,theupper1,0.2554726302623749
602,economy,0.25522008538246155
603,whicl,0.25491032004356384
604,tiie,0.25486767292022705
605,return,0.25483787059783936
606,ntlppiap,0.2547157406806946
607,heat,0.25438106060028076
608,thai,0.2542436122894287
609,softness,0.25417181849479675
610,oyster,0.2541201114654541
611,thov,0.253933310508728
612,mos,0.2537859380245209
613,lott,0.2533159852027893
614,george,0.25290647149086
615,wood,0.25277793407440186
616,lia,0.25203588604927063
617,tlte,0.25148603320121765
618,mm,0.25124087929725647
619,vick,0.25106120109558105
620,obedi,0.2509330213069916
621,cleau,0.2507280111312866
622,deve,0.2505338490009308
623,blame,0.2505261301994324
624,fir,0.2503930330276489
625,ntegrity,0.25036683678627014
626,must,0.25021761655807495
627,thousand,0.25014975666999817
628,mi,0.25004643201828003
629,wli,0.25002801418304443
630,ihistol,0.24977372586727142
631,iiii,0.24971283972263336
632,escort,0.24948914349079132
633,though,0.2491670548915863
634,p,0.24877788126468658
635,oimi,0.24876445531845093
636,law,0.24872222542762756
637,5,0.24867404997348785
638,rebuke,0.24866512417793274
639,valid,0.24855421483516693
640,dashei,0.2485499531030655
641,armistead,0.24850384891033173
642,mind,0.24849800765514374
643,dining,0.2484298199415207
644,hang,0.24841758608818054
645,canaan,0.24752387404441833
646,forksof,0.2474755048751831
647,bud,0.24737490713596344
648,department,0.2470928132534027
649,nevertheless,0.24678367376327515
650,geration,0.24660736322402954
651,tnentbeniof,0.2464686632156372
652,ik,0.246183842420578
653,jut,0.24616654217243195
654,agree,0.2456890195608139
655,mitten,0.24563153088092804
656,jrnv,0.24503250420093536
657,consideration,0.2447892278432846
658,this,0.24449539184570312
659,tough,0.24439331889152527
660,philosopher,0.24434661865234375
661,snow,0.24403508007526398
662,van,0.24394473433494568
663,double,0.24326716363430023
664,far,0.24318641424179077
665,whether,0.24302831292152405
666,winders,0.24285532534122467
667,tor,0.24248966574668884
668,aug,0.24193677306175232
669,monev,0.24162209033966064
670,anxious,0.24151422083377838
671,franco,0.24127551913261414
672,jeem,0.24091936647891998
673,howl,0.24074086546897888
674,immediately,0.24031466245651245
675,arid,0.24024975299835205
676,road,0.24012351036071777
677,prescribe,0.23963522911071777
678,themor,0.2393931746482849
679,sla,0.2386484295129776
680,liuiise,0.23848554491996765
681,wouldhavediad,0.23832891881465912
682,instrmiiin,0.23789170384407043
683,journe,0.23759157955646515
684,make,0.23756292462348938
685,aro,0.23709321022033691
686,habit,0.23679836094379425
687,usher,0.23677945137023926
688,endedthe,0.23647798597812653
689,listen,0.23643656075000763
690,yon,0.23616963624954224
691,stoiv,0.2358085811138153
692,alkluctioa,0.23578493297100067
693,size,0.23562844097614288
694,lndiqtjbr,0.23516802489757538
695,250,0.2351468801498413
696,weed,0.2350786030292511
697,station,0.23495015501976013
698,q,0.23490914702415466
699,width,0.2348470836877823
700,sam,0.234706312417984
701,forefinger,0.234344020485878
702,can,0.23380230367183685
703,te,0.23370656371116638
704,iiihruuiivi,0.23361456394195557
705,sure,0.23357687890529633
706,simple,0.233566015958786
707,bear,0.23312628269195557
708,work,0.23287644982337952
709,servanti,0.23284785449504852
710,excitcd,0.23283781111240387
711,worthy,0.23275437951087952
712,nut,0.23273944854736328
713,think,0.2325514703989029
714,depot,0.2324749231338501
715,register,0.23204754292964935
716,sense,0.23185580968856812
717,tiling,0.23184265196323395
718,ity,0.2317611575126648
719,recently,0.23138314485549927
720,smm,0.2305273711681366
721,whilomc,0.2301444113254547
722,country,0.23005810379981995
723,saino,0.2296551614999771
724,neat,0.229530930519104
725,ilja,0.22932814061641693
726,aifable,0.22931423783302307
727,ride,0.22929351031780243
728,irnuehaiiiiel,0.22898279130458832
729,iin,0.2287432700395584
730,meet,0.22860278189182281
731,liter,0.2282893806695938
732,eeive,0.22807441651821136
733,puttninie,0.22780440747737885
734,boat,0.2277792990207672
735,useful,0.2275591492652893
736,apprehensions,0.22735004127025604
737,oriler,0.2270144522190094
738,however,0.2269126921892166
739,already,0.2268996387720108
740,ibejuuieett,0.22679992020130157
741,tiin,0.22669319808483124
742,welchmid,0.2265470176935196
743,dly,0.22649958729743958
744,early,0.22626127302646637
745,tnoiiis,0.22621451318264008
746,dew,0.22606749832630157
747,which,0.22585034370422363
748,ctiuw,0.22580654919147491
749,south,0.22552189230918884
750,either,0.2252827137708664
751,tt,0.22497044503688812
752,ood,0.22484852373600006
753,warrior,0.22462831437587738
754,object,0.2244904786348343
755,draw,0.22425982356071472
756,moplrtgue,0.2234775274991989
757,lift,0.22336488962173462
758,glide,0.2232171893119812
759,jt,0.22306305170059204
760,their,0.22296367585659027
761,hichnri,0.22284074127674103
762,wa,0.22252580523490906
763,accustomed,0.22252008318901062
764,ihc,0.22228433191776276
765,lain,0.22193531692028046
766,naii,0.22189156711101532
767,capable,0.22171883285045624
768,inve,0.22153852880001068
769,confidential,0.22105230391025543
770,sitfiil,0.22071313858032227
771,likely,0.22061824798583984
772,fim1,0.2203311175107956
773,coiitnis,0.22024938464164734
774,particular,0.22023659944534302
775,feeling,0.22017145156860352
776,deficient,0.2200726419687271
777,regard,0.21933738887310028
778,goodall,0.21933715045452118
779,und,0.21929754316806793
780,degraded,0.2191729098558426
781,brief,0.21912835538387299
782,liim,0.2189854234457016
783,daily,0.21888568997383118
784,fireman,0.21885685622692108
785,pecl,0.2183169722557068
786,alio,0.21812701225280762
787,four,0.21708182990550995
788,engage,0.2170296013355255
789,lionse,0.21679335832595825
790,antly,0.21644453704357147
791,ri,0.21613042056560516
792,obsequious,0.21594612300395966
793,perceiviftg,0.2157502919435501
794,tlousc,0.21566560864448547
795,iliriii,0.21565505862236023
796,stewt,0.21548636257648468
797,establishment,0.2151096761226654
798,fourtee,0.21507513523101807
799,hom1am,0.2148842215538025
800,tlii,0.21459324657917023
801,field,0.21445706486701965
802,belong,0.21445614099502563
803,fliinneu,0.21371318399906158
804,grin,0.21339376270771027
805,bfci,0.21224567294120789
806,wage,0.21215906739234924
807,who,0.21212983131408691
808,duty,0.21190223097801208
809,ngricuhuro,0.21143701672554016
810,shrivker,0.2113204300403595
811,mess,0.21109431982040405
812,question,0.21094699203968048
813,among,0.21083076298236847
814,friendly,0.21082545816898346
815,workmanship,0.21043366193771362
816,indulgence,0.2104024738073349
817,sin,0.21026673913002014
818,bust,0.21024523675441742
819,ed,0.2101414054632187
820,idim,0.2101159393787384
821,trine,0.21004536747932434
822,llotel,0.209987610578537
823,floor,0.20988129079341888
824,jsfc,0.20953473448753357
825,ih,0.20940858125686646
826,len,0.2093963623046875
827,lis,0.2091241180896759
828,amount,0.20909227430820465
829,hal,0.20908968150615692
830,baby,0.20868366956710815
831,breakfast,0.20860262215137482
832,land,0.20849895477294922
833,hotel,0.2083558440208435
834,os,0.20778490602970123
835,do,0.20739033818244934
836,nnu,0.20731227099895477
837,faculty,0.2065919190645218
838,tal,0.20648986101150513
839,robkht,0.20625095069408417
840,midi,0.20619970560073853
841,fright,0.20602868497371674
842,js,0.20569856464862823
843,decease,0.20549313724040985
844,hero,0.20529155433177948
845,unhcedinir,0.20502188801765442
846,hard,0.2050068974494934
847,unfairness,0.2048949897289276
848,mouth,0.20484696328639984
849,nice,0.20466190576553345
850,iamis,0.204452246427536
851,evening,0.2042657881975174
852,dono,0.2042282521724701
853,affectionate,0.20402367413043976
854,cent,0.20335669815540314
855,tentlve,0.20324750244617462
856,ifwter,0.2031451314687729
857,empty,0.202823206782341
858,drink,0.20250365138053894
859,on,0.202325701713562
860,hia,0.2023075968027115
861,ronni,0.2022596150636673
862,lioiioi,0.20225748419761658
863,ipulity,0.20209671556949615
864,block,0.20191144943237305
865,tbji,0.20190441608428955
866,nii,0.20187093317508698
867,hre,0.20146577060222626
868,clean,0.2013726532459259
869,wiilb,0.20135460793972015
870,human,0.20084801316261292
871,thoso,0.20079830288887024
872,opera,0.2007359117269516
873,somevvhere,0.20009809732437134
874,lually,0.19975925981998444
875,icft,0.1992194801568985
876,1857,0.19907209277153015
877,del,0.19898240268230438
878,shaj,0.19897592067718506
879,discusa,0.19896481931209564
880,move,0.19883878529071808
881,ies,0.19849808514118195
882,6,0.19849440455436707
883,geiithmariti,0.19845369458198547
884,pig1y,0.19845104217529297
885,aj,0.19844122231006622
886,womm,0.19820033013820648
887,ertei,0.19814278185367584
888,hii,0.19770194590091705
889,deacon,0.19769985973834991
890,dnd,0.19633358716964722
891,fint,0.19627679884433746
892,defensible,0.19599150121212006
893,awarcof,0.19577766954898834
894,winter,0.19568713009357452
895,usi,0.19555583596229553
896,fortune,0.19541923701763153
897,bag,0.1952328234910965
898,llrutincnstubc,0.1951616257429123
899,feed,0.19495940208435059
900,reapectfnlly,0.19494444131851196
901,andwent,0.1949368715286255
902,name,0.19471685588359833
903,rnm,0.1946973204612732
904,anho,0.19463877379894257
905,pound,0.1945946216583252
906,bind,0.19441674649715424
907,adduce,0.19413207471370697
908,refer,0.19410111010074615
909,eectcd,0.19399341940879822
910,communication,0.19359058141708374
911,delicate,0.1934390664100647
912,cut,0.19306404888629913
913,ci,0.1930299699306488
914,aeffy,0.19284649193286896
915,inrfeo,0.19279241561889648
916,christian,0.1927281767129898
917,portuguese,0.19253602623939514
918,hay,0.19253316521644592
919,shall,0.19238732755184174
920,hold,0.1923288255929947
921,dready,0.19218164682388306
922,approach,0.192042738199234
923,manif,0.19187545776367188
924,madame,0.19169722497463226
925,journey,0.19168876111507416
926,operative,0.19119393825531006
927,protect,0.19074973464012146
928,railroad,0.19073829054832458
929,jog,0.1906127631664276
930,dccorutn,0.19040755927562714
931,uarnwkll,0.1903866082429886
932,willy,0.19026564061641693
933,iiiventiot,0.19013148546218872
934,employ,0.19003567099571228
935,dutifully,0.18968184292316437
936,retire,0.1896059811115265
937,landed,0.1893262416124344
938,belveve,0.18904392421245575
939,memming,0.18878114223480225
940,display,0.18864114582538605
941,bod,0.18849898874759674
942,capacity,0.18849042057991028
943,juncy,0.18824955821037292
944,greenness,0.18805868923664093
945,mvin,0.18782059848308563
946,obey,0.1875016689300537
947,supper,0.18740235269069672
948,rate,0.18727988004684448
949,singular,0.1872577965259552
950,equal,0.18725703656673431
951,rospeolfully,0.1872423142194748
952,off,0.18698370456695557
953,death,0.186616912484169
954,existence,0.18649524450302124
955,course,0.1864413470029831
956,antrio,0.18640607595443726
957,mlowservant,0.18630672991275787
958,rtaub,0.18625086545944214
959,partial,0.1857611984014511
960,eacli,0.18568728864192963
961,ihe,0.18537703156471252
962,civil,0.18503330647945404
963,afflict,0.18483978509902954
964,imt,0.18483960628509521
965,wift,0.18483950197696686
966,nud,0.18443018198013306
967,1ucii,0.1841646283864975
968,cooly,0.18408584594726562
969,gloom,0.18404521048069
970,coiriif,0.1839560717344284
971,miss,0.18393707275390625
972,guardianship,0.18381205201148987
973,dim,0.1832623928785324
974,uiul,0.18283364176750183
975,oan,0.18270181119441986
976,iiow,0.1816587895154953
977,month,0.18160352110862732
978,deficiency,0.18148477375507355
979,irr,0.18138553202152252
980,rnil,0.18124651908874512
981,hasariive,0.18100719153881073
982,mail,0.1808951050043106
983,aiblee,0.18053841590881348
984,steward,0.18044143915176392
985,form,0.1802670806646347
986,wliul,0.1802269071340561
987,oftice,0.18014737963676453
988,rivas,0.18000872433185577
989,purcbt,0.17998826503753662
990,jpfolored,0.17981544137001038
991,cuie,0.17976227402687073
992,manservant,0.1793241947889328
993,bestow,0.17923815548419952
994,between,0.17898064851760864
995,smith,0.1789761781692505
996,eligant,0.17895054817199707
997,els,0.17827489972114563
998,nero,0.1779351532459259
999,sick,0.17777463793754578
1000,pa,0.17769117653369904
1001,nich,0.17747855186462402
1002,nug,0.17745254933834076
1003,import,0.17733919620513916
1004,dient,0.17693620920181274
1005,thein,0.17609715461730957
1006,stnlili,0.17593568563461304
1007,porter,0.17567814886569977
1008,iser,0.17542098462581635
1009,express,0.1751980036497116
1010,brethren,0.17512096464633942
1011,freely,0.17509615421295166
1012,exoellebt,0.17506536841392517
1013,heel,0.17505674064159393
1014,litts,0.17504729330539703
1015,blaok,0.17499536275863647
1016,heeii,0.17434848845005035
1017,drive,0.17428940534591675
1018,get,0.17428302764892578
1019,wretch,0.1742231547832489
1020,maisant,0.17418736219406128
1021,havermter,0.17365048825740814
1022,obedientservant,0.17358478903770447
1023,ts,0.1735255867242813
1024,fof,0.17348964512348175
1025,siod,0.17336080968379974
1026,selfrighteous,0.1731881946325302
1027,mil,0.17284856736660004
1028,sau,0.1725919097661972
1029,bereaved,0.17258252203464508
1030,pleasure,0.172573059797287
1031,inttinese,0.1725720465183258
1032,cry,0.17238731682300568
1033,goi,0.17211660742759705
1034,ahd,0.17200496792793274
1035,examples,0.171895369887352
1036,caro,0.1716625690460205
1037,alley,0.1715913563966751
1038,servantsr,0.17139431834220886
1039,uc9i,0.1713472604751587
1040,neccssary,0.17096184194087982
1041,brow,0.17080968618392944
1042,geological,0.1705906093120575
1043,cuddrtn,0.1704501360654831
1044,freeman,0.1702493578195572
1045,us,0.17005476355552673
1046,ofllccrs,0.16998712718486786
1047,ub,0.16993790864944458
1048,since,0.16990473866462708
1049,tfiiss,0.1696898341178894
1050,baldbonded,0.16945777833461761
1051,ir,0.16935108602046967
1052,pfclasasw,0.1692025512456894
1053,dandy,0.16894087195396423
1054,mocking,0.16882841289043427
1055,constitution,0.16850173473358154
1056,county,0.1684349924325943
1057,kstate,0.16833601891994476
1058,travel,0.16820453107357025
1059,consider,0.16815400123596191
1060,briglit,0.16811171174049377
1061,still,0.16810955107212067
1062,mrs,0.1677752584218979
1063,giltejed,0.16767990589141846
1064,twelve,0.16758766770362854
1065,how,0.1674172431230545
1066,elsotruste,0.16736052930355072
1067,list,0.16735050082206726
1068,iiourii,0.16733618080615997
1069,daybrake,0.16709254682064056
1070,pair,0.1670888364315033
1071,reveu,0.1669655293226242
1072,tie,0.16665375232696533
1073,allii,0.16660089790821075
1074,run,0.16658715903759003
1075,turn,0.1664154827594757
1076,burn,0.16617201268672943
1077,cause,0.16578224301338196
1078,landlord,0.16574783623218536
1079,inniitis,0.1657121777534485
1080,lear,0.1656615138053894
1081,theij,0.1655111312866211
1082,onblcwidthbarton,0.16539642214775085
1083,hooii,0.16490896046161652
1084,buside,0.16486184298992157
1085,have,0.16483433544635773
1086,stalwart,0.16468331217765808
1087,eulogy,0.16457544267177582
1088,card,0.16414490342140198
1089,bya,0.16406886279582977
1090,relative,0.1639682650566101
1091,arrival,0.16389942169189453
1092,strove,0.16389288008213043
1093,virtue,0.16339661180973053
1094,indulgent,0.16322080790996552
1095,watch,0.16306599974632263
1096,repectlully,0.16258686780929565
1097,mania,0.16253606975078583
1098,formation,0.16207121312618256
1099,estimate,0.16190190613269806
1100,bridget,0.16181695461273193
1101,accord,0.161802276968956
1102,saracens,0.16177944839000702
1103,ukaliikcjno,0.1617109328508377
1104,pally,0.16161198914051056
1105,parentno,0.16145187616348267
1106,show,0.16103476285934448
1107,what,0.16089555621147156
1108,tiuo,0.16065722703933716
1109,advisable,0.16062036156654358
1110,cockodftb,0.16049817204475403
1111,march,0.1604963093996048
1112,stage,0.16025950014591217
1113,utid,0.16025136411190033
1114,expect,0.15971265733242035
1115,such,0.1594819724559784
1116,lliggias,0.15944647789001465
1117,host,0.15935400128364563
1118,tfo,0.15932223200798035
1119,norfolk,0.1589677631855011
1120,townshend,0.1588367372751236
1121,boarding,0.15880087018013
1122,i1,0.15871210396289825
1123,disengage,0.15864844620227814
1124,robinson,0.15860578417778015
1125,determine,0.15854306519031525
1126,lilliult,0.15850821137428284
1127,to,0.1584615409374237
1128,beseech,0.15841083228588104
1129,but,0.15831291675567627
1130,soul,0.1583058387041092
1131,again,0.1581309288740158
1132,tli,0.1581011414527893
1133,repeat,0.15804018080234528
1134,npiril,0.15741543471813202
1135,scream,0.15739627182483673
1136,ge,0.15727747976779938
1137,oin,0.1572607010602951
1138,3od,0.15701141953468323
1139,oclock,0.15674126148223877
1140,fiend,0.15668664872646332
1141,tend,0.156467005610466
1142,servantgive,0.15639139711856842
1143,artwa,0.1563762128353119
1144,je,0.15611502528190613
1145,nit,0.1559792011976242
1146,otir,0.15582293272018433
1147,servantsgive,0.15570567548274994
1148,knelt,0.15560774505138397
1149,commanding,0.1554810106754303
1150,sometimes,0.1554526537656784
1151,let,0.1552179604768753
1152,efbwbere,0.1550522744655609
1153,wear,0.15477868914604187
1154,disguise,0.1545628160238266
1155,anna,0.15440109372138977
1156,iuviiitiou,0.15438629686832428
1157,heart,0.15424714982509613
1158,major,0.1541576087474823
1159,aiiy,0.15395744144916534
1160,foq,0.15395377576351166
1161,enchant,0.15358787775039673
1162,propria,0.15315532684326172
1163,guard,0.1531108319759369
1164,inquirewhich,0.15304553508758545
1165,ishe,0.15298351645469666
1166,son,0.15292595326900482
1167,weather,0.15284979343414307
1168,appear,0.1525779664516449
1169,coat,0.15256938338279724
1170,strange,0.15210367739200592
1171,hoist,0.15189127624034882
1172,roei,0.15184883773326874
1173,rise,0.1518065333366394
1174,alloy,0.1517149657011032
1175,iible,0.15139639377593994
1176,tiro,0.15134944021701813
1177,auolli,0.15128590166568756
1178,scmcd,0.15119071304798126
1179,itout,0.15118885040283203
1180,resolvethat,0.15072762966156006
1181,wor,0.15052352845668793
1182,smoke,0.15046319365501404
1183,within,0.15021130442619324
1184,heen,0.15013064444065094
1185,pcmiaileil,0.15001940727233887
1186,ani,0.14995139837265015
1187,andtcruvclli,0.14975301921367645
1188,pile,0.14954091608524323
1189,b,0.1495124101638794
1190,withal,0.14902836084365845
1191,lluil,0.1485760658979416
1192,atjfeajt,0.14856737852096558
1193,majestyi,0.14834904670715332
1194,al6,0.14810720086097717
1195,delieicie,0.14779943227767944
1196,resort,0.14758189022541046
1197,fear,0.14745649695396423
1198,tlower,0.1474270075559616
1199,en,0.1474117636680603
1200,lordly,0.14739851653575897
1201,gregg,0.14722487330436707
1202,spare,0.14710944890975952
1203,ten,0.14694155752658844
1204,udoliho,0.14692343771457672
1205,casket,0.14691132307052612
1206,rind,0.14678584039211273
1207,society,0.14675387740135193
1208,relic,0.14649859070777893
1209,witii,0.14607593417167664
1210,help,0.14559617638587952
1211,burst,0.14549733698368073
1212,guide,0.14538636803627014
1213,ring,0.14527742564678192
1214,ms,0.145069420337677
1215,plain,0.1450524926185608
1216,vjlhqsettb,0.14490190148353577
1217,onlcr,0.14459282159805298
1218,011,0.14448696374893188
1219,commit,0.14438682794570923
1220,incendiary,0.1441669464111328
1221,date,0.14412051439285278
1222,establish,0.14401105046272278
1223,til,0.14392627775669098
1224,heavyye,0.1437092423439026
1225,population,0.1430506408214569
1226,negligence,0.14284412562847137
1227,self,0.14282356202602386
1228,perpetrator,0.14271630346775055
1229,tiearlv,0.14263269305229187
1230,wc,0.14244557917118073
1231,local,0.1422097533941269
1232,washing,0.14220619201660156
1233,serve,0.14190992712974548
1234,huge,0.14189478754997253
1235,4hat,0.14188872277736664
1236,sec,0.1418764442205429
1237,yexra,0.14181463420391083
1238,thus,0.14174258708953857
1239,iut,0.141710564494133
1240,today,0.14160582423210144
1241,silver,0.14155715703964233
1242,whistle,0.14148496091365814
1243,vieran,0.141410231590271
1244,hie,0.14139559864997864
1245,ing,0.14138752222061157
1246,tyffipur,0.14132528007030487
1247,yvlierc,0.14114463329315186
1248,haml,0.1405639499425888
1249,mccant,0.14051300287246704
1250,111r,0.14040963351726532
1251,sternly,0.14040236175060272
1252,aside,0.14039790630340576
1253,rith,0.14037874341011047
1254,exercise,0.14037035405635834
1255,perfume,0.14032301306724548
1256,georgia,0.14010994136333466
1257,prsiimliml,0.13977964222431183
1258,rea,0.13934676349163055
1259,doom,0.1393229216337204
1260,san,0.13909970223903656
1261,entore,0.13909877836704254
1262,ftinilv,0.13909216225147247
1263,vnnr,0.13903024792671204
1264,facilitate,0.13896048069000244
1265,0050,0.13886408507823944
1266,itiui,0.13871777057647705
1267,bisli,0.1385931819677353
1268,sarititrtl,0.1385633796453476
1269,mistrefts,0.13815701007843018
1270,mill,0.13792172074317932
1271,london,0.13777987658977509
1272,morning,0.13740146160125732
1273,chamber,0.13728220760822296
1274,iiu,0.13716626167297363
1275,tmle,0.13708145916461945
1276,paris,0.13683710992336273
1277,iks,0.13671191036701202
1278,hv,0.1366867572069168
1279,police,0.135925754904747
1280,softly,0.1358703076839447
1281,constant,0.1355270892381668
1282,hedge,0.1353701651096344
1283,haro,0.13512131571769714
1284,cept,0.1347339004278183
1285,tobe,0.13455598056316376
1286,train,0.13453549146652222
1287,mj,0.13441933691501617
1288,reruarkuble,0.13435721397399902
1289,capture,0.13431262969970703
1290,attempt,0.1342848688364029
1291,prussian,0.134199857711792
1292,thenwcus,0.13415409624576569
1293,int,0.13401742279529572
1294,cowardly,0.13400815427303314
1295,valuable,0.13397401571273804
1296,reapeulftity,0.13389988243579865
1297,minute,0.13373443484306335
1298,mat,0.1337078958749771
1299,heiress,0.13351356983184814
1300,uuoor,0.13348577916622162
1301,ix,0.1332719922065735
1302,preaidnt,0.1330118030309677
1303,lino,0.13289456069469452
1304,yojr,0.13259322941303253
1305,throw,0.13248491287231445
1306,shirt,0.1322275549173355
1307,immense,0.13220304250717163
1308,strive,0.13209043443202972
1309,rork,0.13199512660503387
1310,fty,0.1317129284143448
1311,mastiff,0.13153387606143951
1312,doubt,0.13152624666690826
1313,werj,0.1314679980278015
1314,dawn,0.13123776018619537
1315,eiiais,0.13093604147434235
1316,liostoii,0.13082778453826904
1317,lrfit,0.13060587644577026
1318,couditicnthe,0.1306024193763733
1319,obice,0.13054108619689941
1320,editor,0.13032832741737366
1321,cl,0.13030345737934113
1322,fhv,0.13007062673568726
1323,inherit,0.13000574707984924
1324,bei,0.1299247294664383
1325,viiluifimd,0.12987229228019714
1326,hrfleigh,0.1298333704471588
1327,mission,0.12963354587554932
1328,fa,0.1290002018213272
1329,interest,0.1288170963525772
1330,actual,0.12794557213783264
1331,eager,0.12793323397636414
1332,perusal,0.1276463270187378
1333,liberate,0.12756551802158356
1334,iron,0.12747648358345032
1335,create,0.12742093205451965
1336,liil,0.1273515820503235
1337,eld,0.1273113489151001
1338,wlticl,0.12727314233779907
1339,length,0.1269124299287796
1340,hap,0.12674906849861145
1341,tiokut,0.12668219208717346
1342,devoted,0.12639561295509338
1343,labor,0.12613025307655334
1344,muddle,0.12605835497379303
1345,shave,0.1257084310054779
1346,vestige,0.12561306357383728
1347,children,0.12543796002864838
1348,didnotdi,0.12535373866558075
1349,setts,0.1253398209810257
1350,england,0.12508156895637512
1351,fact,0.12503421306610107
1352,irto,0.12494855374097824
1353,assures,0.124855637550354
1354,alfre,0.12464340776205063
1355,pious,0.12463077902793884
1356,hospitality,0.12453681230545044
1357,answer,0.12445194274187088
1358,ajllicte,0.12424150109291077
1359,humor,0.12422677874565125
1360,travejifiig,0.12418700009584427
1361,entertainment,0.12400393933057785
1362,dollar,0.1237918958067894
1363,nhediant,0.12363828718662262
1364,iu,0.12349066138267517
1365,baeon,0.1234341412782669
1366,becauso,0.12342513352632523
1367,window,0.1233956590294838
1368,sett,0.12335982918739319
1369,fprnie,0.12327948957681656
1370,liiitish,0.12322638183832169
1371,piivilege,0.12315094470977783
1372,dere,0.12313646078109741
1373,bridfij,0.12290932983160019
1374,providence,0.12287183105945587
1375,no1,0.12279815971851349
1376,usually,0.12203321605920792
1377,wise,0.12147775292396545
1378,cot,0.12130310386419296
1379,nndshe,0.12127711623907089
1380,emperor,0.12114537507295609
1381,shed,0.12096285074949265
1382,command,0.12088482081890106
1383,vrr,0.12069282680749893
1384,utivo,0.12030543386936188
1385,win,0.12029502540826797
1386,ta,0.12028224766254425
1387,llic,0.1200680136680603
1388,llint,0.11989038437604904
1389,visit,0.11973140388727188
1390,having,0.11964596807956696
1391,fcit,0.11950249969959259
1392,lecture,0.11908425390720367
1393,iiipituie,0.1190774217247963
1394,tile,0.11879738420248032
1395,servantgirl,0.11876662075519562
1396,waiter,0.11821948736906052
1397,lmiaranlecil,0.11819450557231903
1398,conceive,0.11785120517015457
1399,hamilton,0.11779700219631195
1400,hoad,0.11771887540817261
1401,bonnet,0.11745784431695938
1402,poke,0.11683519929647446
1403,rntfivu,0.11657008528709412
1404,hurstod,0.11649603396654129
1405,motherland,0.11639291793107986
1406,quickly,0.11630050092935562
1407,randolph,0.11614227294921875
1408,cmnse,0.11600968986749649
1409,cariage,0.11589141190052032
1410,niiliimr,0.11586325615644455
1411,ilic,0.11577513068914413
1412,iho,0.11573352664709091
1413,oue,0.11547094583511353
1414,davio,0.11542606353759766
1415,fullest,0.11493820697069168
1416,steamer,0.11470465362071991
1417,vacant,0.11466846615076065
1418,pigeon,0.11426826566457748
1419,going,0.1138475239276886
1420,prolans,0.11367691308259964
1421,approval,0.11360517144203186
1422,note,0.11312014609575272
1423,ner,0.11305219680070877
1424,charleston,0.11298472434282303
1425,relation,0.11295522004365921
1426,possibly,0.11289793252944946
1427,myself,0.11281417310237885
1428,geueial,0.11241874098777771
1429,mcalsl,0.11239732801914215
1430,jiw,0.11230876296758652
1431,honin,0.11200526356697083
1432,basely,0.11179088056087494
1433,shanty,0.1117856577038765
1434,500,0.11177331954240799
1435,alauna,0.11177299916744232
1436,joseph,0.11176514625549316
1437,gray,0.11172889173030853
1438,thirsl,0.11170676350593567
1439,hair,0.11155988276004791
1440,none,0.11143344640731812
1441,0f,0.11117623001337051
1442,fidler,0.11110281199216843
1443,fumble,0.11101271957159042
1444,obedletit,0.11099787801504135
1445,lei,0.11099781841039658
1446,enormous,0.11096502095460892
1447,tear,0.1108173355460167
1448,ju,0.11069301515817642
1449,dependant,0.11064410209655762
1450,imi,0.11055950075387955
1451,intrusion,0.11000972986221313
1452,nre,0.10973479598760605
1453,re,0.10969840735197067
1454,art,0.10944662988185883
1455,unwilling,0.10918682813644409
1456,ftoston,0.10896074771881104
1457,shalhbe,0.1089458167552948
1458,costly,0.10862606018781662
1459,honest,0.10845287889242172
1460,owner,0.1081555187702179
1461,atul,0.10804291069507599
1462,hep,0.10789833962917328
1463,iake,0.10777033120393753
1464,diil,0.10759351402521133
1465,prodigy,0.10701576620340347
1466,trustee,0.10689666122198105
1467,administer,0.1068681925535202
1468,fatherinlaw,0.10678258538246155
1469,stand,0.10655485093593597
1470,beatfhegard,0.10640056431293488
1471,licfii,0.10632700473070145
1472,thumb,0.10627714544534683
1473,hum,0.10608822107315063
1474,adriotucs,0.1059805378317833
1475,subscribe,0.105647012591362
1476,bruv,0.10547245293855667
1477,1000,0.10523021221160889
1478,membir,0.10485470294952393
1479,lina,0.10475995391607285
1480,stree,0.10470284521579742
1481,shull,0.1046304851770401
1482,district,0.10451336950063705
1483,flanil,0.10428798198699951
1484,un,0.10422658175230026
1485,ilunit,0.10390138626098633
1486,tu,0.10387109220027924
1487,irofcri,0.10380914807319641
1488,masterno,0.1035376787185669
1489,womanly,0.10336922854185104
1490,scolding,0.10328234732151031
1491,wiiv,0.10327757149934769
1492,vie,0.10299036651849747
1493,necssary,0.10293079167604446
1494,virgiunia,0.10284537076950073
1495,juui,0.10268375277519226
1496,boi,0.10255275666713715
1497,splendid,0.10239354521036148
1498,descend,0.10208353400230408
1499,satan,0.10170271247625351
1500,thej,0.1011657640337944
1501,refuse,0.10116136819124222
1502,orack,0.10108809918165207
1503,account,0.10103126615285873
1504,dresser,0.10096603631973267
1505,receipc,0.10092940181493759
1506,blue,0.10085488855838776
1507,raid,0.10057967901229858
1508,uier,0.10054381936788559
1509,itli,0.10048114508390427
1510,senda,0.1003626361489296
1511,missis,0.10027060657739639
1512,midnight,0.10021231323480606
1513,tiij,0.10012616962194443
1514,wsh,0.10011772811412811
1515,lot,0.10011041164398193
1516,struct,0.09980148822069168
1517,sigliea,0.09960725903511047
1518,will,0.09958715736865997
1519,nlre,0.09921629726886749
1520,venu3,0.09901954233646393
1521,confederate,0.09887200593948364
1522,mastqis,0.09874123334884644
1523,coinfortuvle,0.09806486964225769
1524,motion,0.09805864840745926
1525,ifmihlitvidlll,0.09781578183174133
1526,iik,0.09760715812444687
1527,enteritis,0.09757141023874283
1528,iloor,0.09756197035312653
1529,foe,0.09745892882347107
1530,de,0.09740135073661804
1531,parting,0.09723874926567078
1532,bypermission,0.0972324088215828
1533,dooik,0.09682892262935638
1534,dine,0.09655263274908066
1535,put,0.09637920558452606
1536,clay,0.09629138559103012
1537,itu,0.0962444543838501
1538,retreat,0.0961829274892807
1539,kimlgnmev,0.09599937498569489
1540,sgll,0.09592435508966446
1541,rentedand,0.09577174484729767
1542,printer,0.0955224558711052
1543,center,0.09515974670648575
1544,effect,0.09506449848413467
1545,surprise,0.09506143629550934
1546,ear,0.09499931335449219
1547,jfivo,0.09493508189916611
1548,india,0.09487506002187729
1549,tx,0.09486830234527588
1550,less,0.09483732283115387
1551,different,0.09468140453100204
1552,broad,0.09456057846546173
1553,tc,0.09444032609462738
1554,especial,0.09439750015735626
1555,black,0.09431382268667221
1556,vacation,0.0941377803683281
1557,whenever,0.093360535800457
1558,skirts,0.09311103075742722
1559,thuir,0.0930548831820488
1560,iuwoti,0.09280014783143997
1561,world,0.09266401082277298
1562,irtit,0.09262228012084961
1563,lorgienppjy,0.0923771932721138
1564,boy,0.09234318137168884
1565,trade,0.09220471233129501
1566,noise,0.09214767813682556
1567,cat,0.0916372686624527
1568,conk,0.0914892852306366
1569,ourselves,0.09148486703634262
1570,paitieuhir,0.09123936295509338
1571,dropsy,0.0910903736948967
1572,via,0.09103205054998398
1573,utible,0.09098948538303375
1574,borderer,0.09093131124973297
1575,head1,0.09061050415039062
1576,procure,0.09025722742080688
1577,veai,0.08995696157217026
1578,lonvani,0.08965317904949188
1579,story,0.08944489061832428
1580,bearing,0.08929670602083206
1581,unto,0.08921457082033157
1582,youchidient,0.08911913633346558
1583,curse,0.08890360593795776
1584,niaster,0.0885939747095108
1585,mile,0.08829935640096664
1586,tllfiv,0.08812485635280609
1587,scrofula,0.08807281404733658
1588,properly,0.08801312744617462
1589,carolina,0.0879487469792366
1590,wealthy,0.08786855638027191
1591,7,0.08768618851900101
1592,suppose,0.08750111609697342
1593,community,0.08740080147981644
1594,orcr,0.08735090494155884
1595,hiffo,0.08715444058179855
1596,ird,0.08703362196683884
1597,cratuitie,0.08699379861354828
1598,lw,0.08688496798276901
1599,tlw,0.08664914220571518
1600,mourn,0.08664621412754059
1601,ifjmd,0.08662308752536774
1602,juan,0.0864519402384758
1603,attoutironnd,0.08620376139879227
1604,noblo,0.08601679652929306
1605,dillieult,0.08582880347967148
1606,air,0.08576197922229767
1607,jokein,0.08557364344596863
1608,nf,0.08545393496751785
1609,like,0.08540568500757217
1610,uwv,0.0853768065571785
1611,themsole,0.08536670356988907
1612,lt,0.08531571924686432
1613,ett,0.08527950197458267
1614,lore,0.08525164425373077
1615,gentle,0.08492691069841385
1616,ul,0.08489478379487991
1617,wedgltl,0.084867924451828
1618,guilty,0.08463014662265778
1619,stair,0.08427415043115616
1620,facultie,0.0840812399983406
1621,luss,0.08403773605823517
1622,king4niitold,0.0839160829782486
1623,ehurch,0.08387534320354462
1624,iienry,0.08357574790716171
1625,coffee,0.08321671932935715
1626,cittizen,0.082998126745224
1627,hceli,0.08285068720579147
1628,general,0.0827898159623146
1629,yoji,0.08261202275753021
1630,apology,0.08243236690759659
1631,qualified,0.08209481090307236
1632,lean,0.08169694244861603
1633,safe,0.08165930211544037
1634,ly,0.08151039481163025
1635,ij,0.08147189021110535
1636,cloud,0.08114061504602432
1637,uml,0.08103778213262558
1638,colored,0.08086167275905609
1639,heartfelt,0.08063167333602905
1640,cruveuiskin,0.08035994321107864
1641,brig,0.0800875797867775
1642,silence,0.07987330853939056
1643,icsjiucuuiiy,0.07964011281728745
1644,seiilind,0.07950025796890259
1645,devil,0.07947340607643127
1646,tahl,0.07945399731397629
1647,rook,0.07927579432725906
1648,tliem,0.07920555770397186
1649,happen,0.07902311533689499
1650,tof,0.07897546887397766
1651,jamkh,0.07890810817480087
1652,hy,0.07883594930171967
1653,emit,0.07880464941263199
1654,oflhc,0.07875657081604004
1655,fust,0.07851296663284302
1656,beat,0.07847979664802551
1657,gett,0.07847203314304352
1658,sutton,0.0783764123916626
1659,inn,0.07823716849088669
1660,vm,0.07819006592035294
1661,jalor,0.07812952995300293
1662,companion,0.0779019296169281
1663,fellowcitizen,0.07788697630167007
1664,ward,0.07775871455669403
1665,ida,0.07762810587882996
1666,coinplacenty,0.07762224227190018
1667,hall,0.07761424034833908
1668,sweet,0.07736393064260483
1669,chinese,0.07734660059213638
1670,tafcod,0.07699970155954361
1671,mother,0.07673881202936172
1672,vciy,0.07655688375234604
1673,llott,0.07647307962179184
1674,ernor,0.07638553529977798
1675,lidde,0.07636857032775879
1676,jnxon,0.07617440819740295
1677,atraction,0.07609415799379349
1678,gjojv,0.07576817274093628
1679,glance,0.075599804520607
1680,sensible,0.0751018226146698
1681,houso,0.07479004561901093
1682,ventilate,0.07442247122526169
1683,ijjiael,0.0742936059832573
1684,helper,0.07417938858270645
1685,jackson,0.07412567734718323
1686,cabani,0.07403858751058578
1687,prince,0.07402198016643524
1688,otliilcr,0.07384845614433289
1689,bedding,0.07382015138864517
1690,1j,0.07381702959537506
1691,joiin,0.07354843616485596
1692,suve,0.07354523241519928
1693,cal,0.07339714467525482
1694,becbme,0.07338682562112808
1695,whisper,0.0733799859881401
1696,ofthe,0.07315721362829208
1697,beautiful,0.07315022498369217
1698,mass,0.07295510172843933
1699,ivory,0.07262271642684937
1700,inviitiii,0.07256890088319778
1701,fashionand,0.07233133912086487
1702,dreadful,0.07219348847866058
1703,burtlion,0.07207420468330383
1704,ilannah,0.07187105715274811
1705,wishiog,0.07183535397052765
1706,rant,0.07165277749300003
1707,kmoii,0.07151836156845093
1708,lieli,0.07136216759681702
1709,irowr,0.07131606340408325
1710,bonner,0.07110144197940826
1711,despair,0.07104020565748215
1712,nmd,0.07079562544822693
1713,mantel,0.07071875780820847
1714,coolly,0.07062159478664398
1715,liven,0.0705004408955574
1716,skirt,0.07031574845314026
1717,argus,0.0696437656879425
1718,arm,0.06960739195346832
1719,unconscious,0.0689687430858612
1720,sovereignty,0.06884021311998367
1721,firstrate,0.0685332790017128
1722,uteie,0.06831856817007065
1723,tnotinlcd,0.068113774061203
1724,lle,0.06797163933515549
1725,den,0.06785611808300018
1726,lioa,0.06778369843959808
1727,lliau,0.06773565709590912
1728,uh,0.06762618571519852
1729,gen,0.06737252324819565
1730,oflynn,0.06732703745365143
1731,eirele,0.06691952794790268
1732,wrutr,0.06671352684497833
1733,ior,0.06637930870056152
1734,hee,0.06631580740213394
1735,iope,0.06606710702180862
1736,disturb,0.06603798270225525
1737,lg,0.06585011631250381
1738,inst,0.06583501398563385
1739,anything,0.06550391763448715
1740,cherish,0.06538750231266022
1741,notwithstanding,0.06537637859582901
1742,next,0.06529294699430466
1743,peiccs,0.0652444064617157
1744,claim,0.06512009352445602
1745,favorite,0.06510824710130692
1746,tiey,0.06484425067901611
1747,ver,0.06463515013456345
1748,fellow,0.0646248385310173
1749,dt,0.0644269585609436
1750,objaet,0.06424245238304138
1751,itsway,0.06393885612487793
1752,respec,0.0638105496764183
1753,nettf,0.06365934759378433
1754,while,0.06358277052640915
1755,beef,0.06300541013479233
1756,msiimieiiug,0.06297774612903595
1757,mtook,0.06264065206050873
1758,3,0.0625775158405304
1759,forward,0.06252684444189072
1760,wlioo,0.06245671585202217
1761,cbodicnt,0.06241212040185928
1762,point,0.06223994866013527
1763,torcigmis,0.062031783163547516
1764,girls,0.06195409968495369
1765,suitable,0.061868827790021896
1766,printerpunch,0.06167040392756462
1767,icli,0.06127474829554558
1768,lirem,0.06115731596946716
1769,camo,0.061088550835847855
1770,forgctlnlnoss,0.060956645756959915
1771,manning,0.06087525561451912
1772,evolution,0.06057470664381981
1773,prisoner,0.05990929529070854
1774,anion,0.059714652597904205
1775,12,0.05961018428206444
1776,litis,0.05935234948992729
1777,lutd,0.059045497328042984
1778,uprightness,0.05891282856464386
1779,willtin,0.05883920565247536
1780,rider,0.05883638188242912
1781,crnvelli,0.058654189109802246
1782,rang,0.0585305280983448
1783,ispect,0.05828826501965523
1784,aiil,0.05815957486629486
1785,posression,0.05795640870928764
1786,wn,0.057822663336992264
1787,ife,0.057192686945199966
1788,obt,0.057157304137945175
1789,lon,0.05696485564112663
1790,idle,0.05680044740438461
1791,sur,0.056755319237709045
1792,ite,0.05598393827676773
1793,tavernwhere,0.05576571449637413
1794,rich,0.055764585733413696
1795,madmad,0.05546695739030838
1796,waste,0.05535807088017464
1797,proof,0.05524609237909317
1798,cnt,0.055159106850624084
1799,space,0.05515573173761368
1800,iodtrcd,0.05465707182884216
1801,iio,0.054582808166742325
1802,rs,0.05442613735795021
1803,sex,0.05414105951786041
1804,ihey,0.05413185432553291
1805,informnviou,0.05400050804018974
1806,excellence,0.05399661511182785
1807,upset,0.053882915526628494
1808,ioiieir,0.053737279027700424
1809,try,0.05347054451704025
1810,wjshing,0.05333390086889267
1811,settle,0.053296830505132675
1812,hinge,0.05317099392414093
1813,postponement,0.05313139036297798
1814,bettor,0.05230941250920296
1815,fostku,0.05188698694109917
1816,iiiiiia,0.051872093230485916
1817,nerve,0.05158836022019386
1818,johi,0.05132240802049637
1819,before,0.051214877516031265
1820,chief,0.05115855485200882
1821,nhapterv,0.05097930133342743
1822,jihvniiot,0.0506780743598938
1823,throughout,0.050165146589279175
1824,near,0.050050489604473114
1825,consequence,0.049957290291786194
1826,passion,0.049927398562431335
1827,tv,0.049910273402929306
1828,weut,0.04978445544838905
1829,faro,0.04973022639751434
1830,sitiea,0.049097128212451935
1831,performing1,0.048559486865997314
1832,plnnter,0.04848888888955116
1833,wus,0.04830126464366913
1834,massa,0.04809745028614998
1835,wbbtn,0.04760994017124176
1836,gjod,0.04693657532334328
1837,25,0.04645337536931038
1838,pour,0.04644067585468292
1839,nwful,0.0463353730738163
1840,scat,0.04622684791684151
1841,drpgnjiu,0.046140387654304504
1842,hell,0.04610470309853554
1843,nx,0.04603058472275734
1844,perceive,0.04597349464893341
1845,device,0.0456739217042923
1846,er,0.045668717473745346
1847,raise,0.045548923313617706
1848,bridegroom,0.04475206136703491
1849,carelessness,0.0447150394320488
1850,invr,0.04455869644880295
1851,hermittfqft,0.04423065111041069
1852,ingenuity,0.043994687497615814
1853,vt,0.043610796332359314
1854,modern,0.043259765952825546
1855,relieve1,0.04307688772678375
1856,upprovcd,0.04305650293827057
1857,aloud,0.04271077737212181
1858,nreele,0.042696669697761536
1859,thou,0.04267485439777374
1860,olhtve,0.04264359176158905
1861,uisinifiinji,0.042287494987249374
1862,miter,0.04222841188311577
1863,bottle,0.042143628001213074
1864,ll,0.042036883533000946
1865,laugh,0.0418848842382431
1866,mysterious,0.04170331358909607
1867,stump,0.041291624307632446
1868,flufkin,0.04098527133464813
1869,exchange,0.04088575392961502
1870,live,0.040647681802511215
1871,apply,0.040572430938482285
1872,vaitod,0.04044577106833458
1873,oflteav,0.04005488008260727
1874,finnncls,0.03940507024526596
1875,hfcv,0.03916565328836441
1876,catne,0.03889259323477745
1877,mild,0.038619060069322586
1878,worship,0.03856762498617172
1879,2glli,0.03853297978639603
1880,ignipoteflt,0.038403961807489395
1881,repose,0.03838518634438515
1882,ia,0.03831910714507103
1883,hotter,0.0380391962826252
1884,wagon,0.037723612040281296
1885,theirish,0.03767811134457588
1886,combine,0.03763715177774429
1887,governor,0.03735386207699776
1888,nefjro,0.036953575909137726
1889,niiil,0.03684019669890404
1890,adopt,0.03650397062301636
1891,purc,0.03629421070218086
1892,franklin,0.036125730723142624
1893,iiuitsvihe,0.03609836474061012
1894,husband,0.03582686185836792
1895,after,0.03569565713405609
1896,misery,0.03554692491889
1897,indirect,0.035420145839452744
1898,naturally,0.033856648951768875
1899,quite,0.03372630104422569
1900,mime,0.03360551968216896
1901,wellbee,0.03307252749800682
1902,ml,0.033044297248125076
1903,anv,0.03303768113255501
1904,scizod,0.032853059470653534
1905,recompensed,0.032812926918268204
1906,am,0.032665424048900604
1907,kindness,0.03241162747144699
1908,gather,0.03235217183828354
1909,ciizn,0.032293736934661865
1910,flnna,0.03224795311689377
1911,irish,0.03214939683675766
1912,horrify,0.03214827552437782
1913,fteely,0.03209766373038292
1914,nobility,0.03208740055561066
1915,away,0.03176078572869301
1916,airent,0.03117999993264675
1917,brew,0.030962225049734116
1918,nrilcr,0.030820580199360847
1919,vc,0.03066421113908291
1920,bouglit,0.029919154942035675
1921,liouae,0.029689403250813484
1922,genconijiiande,0.029609806835651398
1923,kiss,0.02960379607975483
1924,th,0.029282167553901672
1925,hallow,0.029188157990574837
1926,parch,0.029140474274754524
1927,perceptive,0.029093684628605843
1928,reduce,0.029064636677503586
1929,nation,0.028836607933044434
1930,inana,0.028675831854343414
1931,manhood,0.027822190895676613
1932,mistake,0.027733519673347473
1933,bell,0.02744895964860916
1934,tilj,0.027333812788128853
1935,cr,0.027144111692905426
1936,headache,0.02584623545408249
1937,mansion,0.0254967100918293
1938,nissiou,0.025257118046283722
1939,oftlie,0.025135142728686333
1940,npprov,0.02507086470723152
1941,philadelphia,0.024874381721019745
1942,forget,0.024874169379472733
1943,beyond,0.02485494129359722
1944,doctor,0.02482854202389717
1945,fr,0.024505626410245895
1946,illtlii111y,0.024014174938201904
1947,tblj,0.02390558086335659
1948,feel,0.023816527798771858
1949,cure,0.023659303784370422
1950,accomraodnte,0.02364840917289257
1951,tbe,0.023463759571313858
1952,ivl,0.023138368502259254
1953,rt,0.023131774738430977
1954,anvcruyui,0.022761674597859383
1955,pree,0.022629883140325546
1956,liffli,0.02258197031915188
1957,whose,0.022267363965511322
1958,fair,0.022182581946253777
1959,iip,0.02211039513349533
1960,uiitv,0.02201216295361519
1961,knhmd,0.021644433960318565
1962,through,0.021014973521232605
1963,strong,0.020577512681484222
1964,diameter,0.02036942169070244
1965,leantaffecte,0.020318998023867607
1966,iinor,0.020271221175789833
1967,discover,0.020143715664744377
1968,ilowaltd,0.019785428419709206
1969,hurry,0.01973714493215084
1970,load,0.01961679756641388
1971,circle,0.019352007657289505
1972,heauregaiid,0.019273066893219948
1973,cokesbury,0.0191964078694582
1974,trial,0.018314823508262634
1975,uulucky,0.017790285870432854
1976,fednbitonoltalinto,0.01751493476331234
1977,chain,0.017473652958869934
1978,patient,0.0174091923981905
1979,14,0.016969747841358185
1980,refpict,0.01693095453083515
1981,attend,0.016673684120178223
1982,vyith,0.016523953527212143
1983,hd,0.015866102650761604
1984,juseiii,0.014561081305146217
1985,keejj,0.014444033615291119
1986,eiuiimeinlnblo,0.014351301826536655
1987,market,0.014138969592750072
1988,mean,0.013947207480669022
1989,aojiess,0.013870355673134327
1990,unobservant,0.013581883162260056
1991,cjoftrt,0.01339790690690279
1992,ure,0.01312911044806242
1993,j1,0.012660687789320946
1994,august,0.012574942782521248
1995,refreshment,0.012562340125441551
1996,forth,0.012553907930850983
1997,blank,0.012489156797528267
1998,mockery,0.012203864753246307
1999,1resident,0.01186282467097044
2000,iiio1,0.011653564870357513
2001,secession,0.011021207086741924
2002,probably,0.010803017765283585
2003,auit,0.010700073093175888
2004,iij,0.010334519669413567
2005,democracy,0.010120004415512085
2006,action,0.00993808452039957
2007,horseback,0.009531614370644093
2008,an,0.009530086070299149
2009,ink,0.009210200048983097
2010,vch,0.009020177647471428
2011,licalthi,0.008965620771050453
2012,movement,0.008296522311866283
2013,humility,0.008235529996454716
2014,whatever,0.007709455210715532
2015,lioston,0.007553567178547382
2016,lliciilty,0.0073719327338039875
2017,igentierasn,0.007189788855612278
2018,hail,0.006636412814259529
2019,tiio,0.006515308283269405
2020,lieen,0.006340401247143745
2021,assure,0.00609202915802598
2022,31,0.0056349607184529305
2023,josfs,0.005532519426196814
2024,welcome1,0.0051820906810462475
2025,iihb,0.005067262798547745
2026,actually,0.004131552763283253
2027,himself,0.0037376554682850838
2028,reside,0.00351626705378294
2029,pow,0.00344121758826077
2030,threefourth,0.003267118474468589
2031,rpla,0.0029119139071553946
2032,ggor,0.0023668946232646704
2033,curwyus,0.001504905172623694
2034,dicovere,0.001487208530306816
2035,crowdhiif,0.0013507284456864
2036,wolfe,0.0012551727704703808
2037,nod,0.0012121860636398196
2038,perpunde,-4.747332241095137e-06
2039,require,-9.363529534311965e-05
2040,fish,-0.000411681248806417
2041,truth,-0.0006333980709314346
2042,uiebndaf,-0.001174643519334495
2043,theirwdiitwthey,-0.0012756683863699436
2044,wi,-0.0016069520497694612
2045,ine,-0.002173379063606262
2046,iuiu,-0.0022711490746587515
2047,thompson,-0.0025696028023958206
2048,lue,-0.0028584799729287624
2049,sleep,-0.0029106067959219217
2050,ace,-0.002972333924844861
2051,extra,-0.0031677568331360817
2052,peculiar,-0.004058044403791428
2053,badeh,-0.00483685964718461
2054,finally,-0.004864577669650316
2055,immediate,-0.006714635994285345
2056,iv,-0.0068042767234146595
2057,desire,-0.0068108378909528255
2058,maid,-0.006857325788587332
2059,sleek,-0.00720713147893548
2060,truant,-0.007618355564773083
2061,spite,-0.008692583069205284
2062,profit,-0.008765550330281258
2063,stripe,-0.009124781005084515
2064,innrtarla,-0.009482496418058872
2065,300,-0.009597343392670155
2066,liveried,-0.009917032904922962
2067,late,-0.010176275856792927
2068,likewise,-0.010466303676366806
2069,hccii,-0.010696119628846645
2070,caia,-0.011067453771829605
2071,sale,-0.011524662375450134
2072,love,-0.01174958422780037
2073,level,-0.011801552958786488
2074,free,-0.012417521327733994
2075,lo,-0.012419231235980988
2076,liui,-0.012701092287898064
2077,liaa,-0.013179822824895382
2078,4under,-0.013273220509290695
2079,ishmcnt,-0.013722107745707035
2080,wu,-0.013972806744277477
2081,instructing,-0.014128278940916061
2082,coinlitini,-0.014179816469550133
2083,ficea,-0.014329531230032444
2084,olsters,-0.014672394841909409
2085,poker,-0.014946779236197472
2086,need,-0.015650302171707153
2087,height,-0.015789633616805077
2088,lb,-0.015889234840869904
2089,hiivo,-0.016020525246858597
2090,maxcy,-0.016224060207605362
2091,jfl,-0.016333993524312973
2092,iae,-0.01676195114850998
2093,resolution,-0.016777200624346733
2094,wliat,-0.016815846785902977
2095,fraud,-0.01704603061079979
2096,susppotpd,-0.01762925088405609
2097,cleanliness,-0.018096061423420906
2098,haggins,-0.018251705914735794
2099,rend,-0.018620049580931664
2100,mackey,-0.01920684427022934
2101,ax,-0.019395271316170692
2102,hnisc,-0.019638678058981895
2103,indicate,-0.019781112670898438
2104,joy,-0.02011432871222496
2105,contracts,-0.020571041852235794
2106,pioat,-0.020774513483047485
2107,wht,-0.021153701469302177
2108,earth,-0.02123268134891987
2109,charle,-0.02200709469616413
2110,deljow,-0.02238774113357067
2111,jjetillemsn,-0.02327265590429306
2112,iiinl,-0.023894483223557472
2113,neatness,-0.02399214543402195
2114,bedroom,-0.024089403450489044
2115,assurance,-0.024118874222040176
2116,ascertain,-0.024433592334389687
2117,evey,-0.026474952697753906
2118,executive,-0.026991883292794228
2119,ojcct,-0.028357092291116714
2120,scent,-0.028600813820958138
2121,unrung,-0.029064223170280457
2122,kooii,-0.029605768620967865
2123,sign,-0.02977392077445984
2124,up,-0.030253833159804344
2125,guest,-0.03072105534374714
2126,rilrva,-0.03178213909268379
2127,spot,-0.03190257027745247
2128,119,-0.032267194241285324
2129,roihxsox,-0.03226888179779053
2130,uud,-0.032905660569667816
2131,proceed,-0.03319259732961655
2132,llir,-0.033602580428123474
2133,hour,-0.03368237987160683
2134,rar,-0.03399714455008507
2135,liad,-0.0341983400285244
2136,then,-0.03421739488840103
2137,depart,-0.03543766587972641
2138,hugging,-0.03559984266757965
2139,idiosyncracy,-0.035831108689308167
2140,army,-0.03583860397338867
2141,frr,-0.03635753318667412
2142,exertion,-0.03653055429458618
2143,ale,-0.03666548803448677
2144,presence,-0.037502579391002655
2145,yard,-0.03760383650660515
2146,kg,-0.03805514797568321
2147,squatter,-0.038160502910614014
2148,inyself,-0.038668371737003326
2149,ottioe,-0.04016843065619469
2150,iiuiiui,-0.04025067016482353
2151,zlingly,-0.04028903692960739
2152,bubt,-0.04061826318502426
2153,uptake,-0.04074699804186821
2154,4ncanf,-0.040804460644721985
2155,onhftfeal,-0.040935713797807693
2156,coin,-0.04107453674077988
2157,lhe,-0.041368257254362106
2158,ioso,-0.041370414197444916
2159,bun,-0.04152858257293701
2160,lir4,-0.041664350777864456
2161,judge,-0.0423220656812191
2162,vour,-0.04286503046751022
2163,whisht,-0.04377590864896774
2164,thaoky,-0.04424331709742546
2165,precisely,-0.044274456799030304
2166,tia,-0.04553397372364998
2167,jthos,-0.04660549759864807
2168,strap,-0.04677978530526161
2169,parent,-0.046782296150922775
2170,leu,-0.04706690460443497
2171,panic,-0.047426626086235046
2172,pilt,-0.04782148078083992
2173,eal,-0.048052746802568436
2174,equeathe,-0.04807979613542557
2175,natural,-0.04838772118091583
2176,hey,-0.048914480954408646
2177,diminution,-0.049762383103370667
2178,broadbrim,-0.050452861934900284
2179,teach,-0.05075409263372421
2180,fhe,-0.050864316523075104
2181,awoko,-0.05104448273777962
2182,liar,-0.0510711632668972
2183,it3,-0.051444511860609055
2184,lienv,-0.05190664902329445
2185,about,-0.052336741238832474
2186,learn,-0.05240027979016304
2187,rlnor,-0.05254625901579857
2188,wherapersona,-0.05281577631831169
2189,intermedin,-0.05363992601633072
2190,storm,-0.05381554737687111
2191,delight,-0.05423717945814133
2192,enter,-0.05471773445606232
2193,shake,-0.05665804445743561
2194,baden,-0.05693648383021355
2195,rwte,-0.058742936700582504
2196,infernal,-0.05925324559211731
2197,8,-0.05979982390999794
2198,goodness,-0.06026642397046089
2199,nmong,-0.060450151562690735
2200,uni,-0.061022672802209854
2201,flan,-0.06116136536002159
2202,2000,-0.06135595217347145
2203,evil,-0.06317581981420517
2204,allwise,-0.06395749747753143
2205,lliu,-0.06504654139280319
2206,makitudr,-0.06596355885267258
2207,superstition,-0.06611254811286926
2208,wine,-0.0662911906838417
2209,theii,-0.06637986749410629
2210,truly,-0.06649641692638397
2211,destroy,-0.06650451570749283
2212,appl,-0.06807772815227509
2213,ex,-0.06847997009754181
2214,chili,-0.06866531819105148
2215,drown,-0.06936835497617722
2216,votir,-0.06971412152051926
2217,jof,-0.07069727033376694
2218,tuiii,-0.07106302678585052
2219,heard,-0.07331275194883347
2220,noliiliiy,-0.07473770529031754
2221,car,-0.07486782222986221
2222,uti,-0.07540249824523926
2223,least,-0.07568670064210892
2224,messenger,-0.07653219252824783
2225,oublc,-0.07679540663957596
2226,fyrfn,-0.07872331142425537
2227,incessantly,-0.0792178064584732
2228,majesty,-0.0793425664305687
2229,conlrnct,-0.08045431226491928
2230,hosouglt,-0.0808948278427124
2231,expft,-0.08132781088352203
2232,youth,-0.08182189613580704
2233,shore,-0.08341815322637558
2234,membersof,-0.08413585275411606
2235,pitcher,-0.08605287969112396
2236,n8,-0.08676303923130035
2237,hile,-0.08757012337446213
2238,cstancia,-0.08864884823560715
2239,subordinate,-0.09018411487340927
2240,gcuest,-0.09142764657735825
2241,tiwd,-0.09145626425743103
2242,equally,-0.09199687838554382
2243,town,-0.09382081031799316
2244,midst,-0.0941382572054863
2245,wer,-0.09572828561067581
2246,mark,-0.09730631858110428
2247,infinitely,-0.09855401515960693
2248,goest,-0.09889280796051025
2249,head,-0.10089214146137238
2250,milionul,-0.10624046623706818
2251,rray,-0.10981763154268265
2252,cliap,-0.11400885879993439
2253,rcspesirully,-0.11417002230882645
2254,iir,-0.11460531502962112
2255,criminal,-0.11536543071269989
2256,arouse,-0.11632045358419418
2257,benefit,-0.11782743036746979
2258,nan,-0.11910764873027802
2259,hnthymsjjv,-0.11939600855112076
2260,persona,-0.12142419815063477
2261,father,-0.12408526241779327
2262,conversation,-0.1271413117647171
2263,apartment,-0.12762829661369324
2264,jum,-0.12840667366981506
2265,picken,-0.13120707869529724
2266,nm,-0.1342005431652069
2267,admission,-0.13889919221401215
2268,finnel,-0.1392836570739746
2269,funeral,-0.13957561552524567
2270,atchison,-0.14307251572608948
2271,silent,-0.1509251743555069
2272,swd,-0.15154871344566345
2273,shawlsfor,-0.1546347290277481
2274,itjjm,-0.1576385200023651
2275,digest,-0.1586836576461792
2276,convey,-0.16591428220272064
2277,introduce,-0.16972358524799347
2278,camp,-0.17059627175331116
2279,mt,-0.1805316060781479
2280,ungallant,-0.18476638197898865
2281,tree,-0.1879577785730362
2282,our,-0.21681120991706848
